,loss,f1_macro,val_loss,val_f1_macro,lr
0,1.3234200477600098,0.19659951329231262,1.3166821002960205,0.1311146765947342,0.001
1,1.318076729774475,0.17848984897136688,1.3206557035446167,0.12264150381088257,0.001
2,1.3180980682373047,0.18339812755584717,1.3168734312057495,0.1311146765947342,0.001
3,1.3163608312606812,0.13101127743721008,1.3163914680480957,0.1311146765947342,0.000100000005
4,1.316286563873291,0.13101127743721008,1.3163480758666992,0.1311146765947342,0.000100000005
